game_id,source_possession_id,trigger_type,clock_offset_secs,wall_clock_ts,entry_price,exit_price,exit_reason,entry_side,hold_time_s,gross_pnl,net_pnl,run_prob,traj_final,traj_used,hazard_final,quarter,score_diff,run_length
0042500101,22,sub,0.0,2026-04-19 22:49:52+00:00,47.0,52.0,take_profit,1,72.169598,5.0,500.0,0.2739010751247406,0.18403223156929016,0.17753836810588836,0.9921735525131226,1,-10,6
0042500101,112,foul,0.0,2026-04-20 00:02:03+00:00,34.0,31.0,stop_loss,1,27.16963,-3.0,-300.0,0.021761322394013405,0.2112581431865692,0.19330029487609862,0.9999750852584839,3,-7,2
0042500103,16,timeout,0.0,2026-04-25 17:17:37.333333015+00:00,56.0,50.0,take_profit,-1,85.867674,6.0,600.0,0.13054987788200378,-0.1561145931482315,-0.12917520627379417,0.9849280118942261,1,5,3
0042500103,177,foul,0.0,2026-04-25 19:32:43.055556059+00:00,61.0,70.0,take_profit,1,0.144172,9.0,900.0,0.029315268620848656,0.3116625249385834,0.28518069088459014,0.9999793767929077,4,9,2
0042500103,180,foul,0.0,2026-04-25 19:34:06.388889074+00:00,60.0,68.0,take_profit,1,0.811241,8.0,800.0,0.09777940809726715,0.20441341400146484,0.1894337549805641,0.9994513392448425,4,6,3
0042500103,181,foul,0.0,2026-04-25 19:34:34.166666985+00:00,40.0,45.0,take_profit,1,11.033297,5.0,500.0,0.04952947795391083,0.31798896193504333,0.29222545921802523,0.9998028874397278,4,6,3
0042500104,89,timeout,3.0,2026-04-28 01:19:36+00:00,37.0,37.0,time_gate,-1,240,-0.0,-0.0,0.10382737219333649,-0.256888210773468,-0.2156037226319313,0.9891863465309143,2,-4,2
0042500104,159,foul,0.0,2026-04-28 02:16:58.750000+00:00,43.0,32.0,take_profit,-1,0.362622,11.0,1100.0,0.058895375579595566,-0.16365377604961395,-0.1354493960738182,0.9997918009757996,4,1,2
0042500106,48,sub,3.0,2026-05-01 23:46:15+00:00,53.0,56.0,stop_loss,-1,64.113827,-3.0,-300.0,0.24269311130046844,-0.1914115846157074,-0.16442026495933532,0.9909502863883972,2,5,3
0042500106,105,foul,0.0,2026-05-02 00:39:07.166666985+00:00,64.0,61.0,stop_loss,1,25.947282,-3.0,-300.0,0.044644225388765335,0.22760683298110962,0.2078168958425522,0.9997342228889465,3,10,5
0042500107,19,foul,7.0,2026-05-03 19:53:55.333333492+00:00,65.0,68.0,stop_loss,-1,44.832199,-3.0,-300.0,0.25366878509521484,-0.14516454935073853,-0.12228620052337646,0.9827408194541931,1,2,2
0042500113,150,sub,1.0,2026-04-25 01:17:30.166666746+00:00,36.0,29.0,take_profit,-1,43.011258,7.0,700.0,0.10457190126180649,-0.2138679027557373,-0.18014130741357803,0.9946966171264648,4,1,2
0042500115,152,foul,0.0,2026-04-29 01:03:48+00:00,41.0,50.0,take_profit,1,0.116326,9.0,900.0,0.012381848879158497,0.4251449406147003,0.39534165263175963,0.997800886631012,4,-2,2
0042500117,162,foul,0.0,2026-05-03 01:39:16.388889074+00:00,35.0,30.0,take_profit,-1,2.741625,5.0,500.0,0.20381994545459747,-0.2371370941400528,-0.20035819858312606,0.9970442652702332,4,-4,2
0042500133,24,sub,0.0,2026-04-24 00:24:08+00:00,42.0,45.0,stop_loss,-1,49.02208,-3.0,-300.0,0.10247970372438431,-0.28530409932136536,-0.2382878378033638,0.9978639483451843,1,7,3
0042500133,25,sub,14.0,2026-04-24 00:25:27.999999762+00:00,47.0,50.0,stop_loss,-1,37.021346,-3.0,-300.0,0.16399221122264862,-0.15475791692733765,-0.12880233451724052,0.9943471550941467,1,7,4
0042500135,172,foul,15.0,2026-04-30 01:53:24.750000238+00:00,69.0,73.0,stop_loss,-1,142.368664,-4.0,-400.0,0.13889959454536438,-0.2758089303970337,-0.23540176153182985,0.9895658493041992,4,5,6
0042500137,57,sub,0.0,2026-05-04 00:20:20.833333015+00:00,47.0,44.0,stop_loss,1,39.282714,-3.0,-300.0,0.038065068423748016,0.16169647872447968,0.14781320840120316,0.9998452663421631,2,-5,3
0042500153,113,foul,14.0,2026-04-25 04:19:21+00:00,70.0,73.0,stop_loss,-1,118.014341,-3.0,-300.0,0.15145722031593323,-0.14690488576889038,-0.12284365743398666,0.9981206059455872,3,11,3
0042500154,73,sub,1.0,2026-04-26 20:40:40.083333254+00:00,67.0,62.0,take_profit,-1,32.019253,5.0,500.0,0.19363859295845032,-0.15631631016731262,-0.13264229372143746,0.9760245680809021,2,9,2
0042500164,105,timeout,2.0,2026-04-26 02:16:08.166666508+00:00,30.0,25.0,take_profit,-1,184.012553,5.0,500.0,0.1117725819349289,-0.1746111512184143,-0.14693744480609894,0.9864920973777771,3,0,2
0042500166,141,timeout,0.0,2026-05-01 03:28:54.250000+00:00,48.0,43.0,take_profit,-1,0.766941,5.0,500.0,0.1017184630036354,-0.21352672576904297,-0.17801234126091003,0.9990783929824829,3,4,2
0042500166,168,foul,0.0,2026-05-01 03:54:04.500000+00:00,46.0,56.0,take_profit,1,0.516953,10.0,1000.0,0.05527951568365097,0.17624589800834656,0.15941073298454284,0.9999663829803467,4,8,3
0042500166,183,foul,0.0,2026-05-01 04:06:08.138889074+00:00,61.0,54.0,take_profit,-1,15.877932,7.0,700.0,0.18369299173355103,-0.1540164053440094,-0.12991558238863946,0.9989670515060425,4,5,2
0042500166,185,sub,1.0,2026-05-01 04:08:00.166666985+00:00,63.0,48.0,take_profit,-1,0.850123,15.0,1500.0,0.01670772023499012,-0.7953938245773315,-0.6727685689926147,0.9995775818824768,4,7,3
0042500166,187,foul,0.0,2026-05-01 04:08:24.994443893+00:00,67.0,62.0,take_profit,-1,6.022419,5.0,500.0,0.008619084022939205,-0.6619834899902344,-0.5510783404111862,0.9996362924575806,4,10,3
0042500166,189,sub,0.0,2026-05-01 04:09:07.988888979+00:00,65.0,75.0,take_profit,1,14.028575,10.0,1000.0,0.004870702978223562,0.34025391936302185,0.32424186170101166,0.9999425411224365,4,12,3
0042500166,189,timeout,6.0,2026-05-01 04:09:26.155555487+00:00,60.0,65.0,take_profit,1,0.861303,5.0,500.0,0.012642888352274895,0.16228598356246948,0.15622705221176147,0.9998712539672852,4,12,3
0042500172,52,foul,22.0,2026-04-22 03:25:15.999999762+00:00,49.0,41.0,take_profit,-1,0.105672,8.0,800.0,0.1381222903728485,-0.21009257435798645,-0.17433832287788392,0.9993197917938232,2,10,4
0042500173,114,timeout,0.0,2026-04-25 01:40:14.333333015+00:00,39.0,33.0,take_profit,-1,53.766801,6.0,600.0,0.22247003018856049,-0.1919495165348053,-0.1623524695634842,0.9952325224876404,3,-8,2
0042500173,194,timeout,0.0,2026-04-25 02:40:37.450000048+00:00,41.0,33.0,stop_loss,1,1.6509070000000001,-8.0,-800.0,0.009343907237052917,0.14220675826072693,0.13601813465356827,0.9937264919281006,4,3,2
0042500201,170,foul,0.0,2026-05-06 01:21:08.666666985+00:00,46.0,53.0,take_profit,1,0.432647,7.0,700.0,0.019153594970703125,0.17295128107070923,0.1602216601371765,0.9990702271461487,4,0,3
0042500202,145,timeout,0.0,2026-05-08 01:08:11.416666985+00:00,46.0,51.0,take_profit,1,69.745945,5.0,500.0,0.04769807308912277,0.14622269570827484,0.13512517511844635,0.99888676404953,4,0,3
0042500203,14,foul,0.0,2026-05-09 19:21:33.750000+00:00,53.0,56.0,stop_loss,-1,38.461154,-3.0,-300.0,0.05058586224913597,-0.17509174346923828,-0.14458705633878707,0.9993508458137512,1,-6,2
0042500203,41,sub,0.0,2026-05-09 19:39:42.750000+00:00,57.0,61.0,stop_loss,-1,68.461433,-4.0,-400.0,0.03922111541032791,-0.22078180313110352,-0.18451099395751952,0.9992647767066956,1,1,2
0042500203,56,sub,12.0,2026-05-09 19:53:13.333333254+00:00,60.0,63.0,stop_loss,-1,27.878146,-3.0,-300.0,0.036119893193244934,-0.15463340282440186,-0.12694395557045937,0.9993359446525574,2,3,3
0042500203,57,foul,0.0,2026-05-09 19:53:46+00:00,64.0,67.0,stop_loss,-1,132.211048,-3.0,-300.0,0.0441986620426178,-0.2093026041984558,-0.17235170006752015,0.9993268251419067,2,3,3
0042500203,131,sub,0.0,2026-05-09 21:04:49+00:00,45.0,48.0,stop_loss,-1,6.21047,-3.0,-300.0,0.005917628761380911,-0.27572304010391235,-0.22896040230989456,0.9988956451416016,3,5,2
0042500203,144,foul,1.0,2026-05-09 21:12:36.500000+00:00,57.0,60.0,stop_loss,-1,173.712335,-3.0,-300.0,0.015626007691025734,-0.20035788416862488,-0.16526141613721848,0.9998020529747009,3,5,2
0042500203,176,foul,0.0,2026-05-09 21:41:18.222222090+00:00,41.0,44.0,stop_loss,-1,5.988354,-3.0,-300.0,0.002628631889820099,-0.16661536693572998,-0.13708667531609536,0.9997040629386902,4,1,3
0042500204,18,timeout,1.0,2026-05-12 00:22:58.750000238+00:00,66.0,69.0,stop_loss,-1,81.390743,-3.0,-300.0,0.2991403639316559,-0.2598707675933838,-0.22531314492225646,0.944686233997345,1,8,2
0042500204,22,foul,0.0,2026-05-12 00:24:52.416666985+00:00,70.0,68.0,momentum_flip,-1,77.723962,2.0,200.0,0.18144825100898743,-0.2597734332084656,-0.2199550226330757,0.9815865159034729,1,9,2
0042500204,29,sub,1.0,2026-05-12 00:29:18.500000238+00:00,60.0,55.0,take_profit,-1,183.641111,5.0,500.0,0.12918689846992493,-0.2424001693725586,-0.20372021198272705,0.9643959403038025,1,3,2
0042500204,39,sub,0.0,2026-05-12 00:36:37.666666985+00:00,53.0,48.0,take_profit,-1,103.474072,5.0,500.0,0.15742191672325134,-0.22287651896476746,-0.18800754696130753,0.9585285782814026,1,-1,4
0042500204,61,timeout,1.0,2026-05-12 00:55:31.999999762+00:00,50.0,53.0,stop_loss,-1,32.140769,-3.0,-300.0,0.2358727902173996,-0.2533450126647949,-0.21371993869543077,0.9883949756622314,2,-1,2
0042500204,100,foul,0.0,2026-05-12 01:33:18.333333015+00:00,62.0,65.0,stop_loss,-1,139.8078,-3.0,-300.0,0.2855435907840729,-0.234754279255867,-0.19976353794336318,0.933485746383667,3,1,3
0042500205,60,foul,0.0,2026-05-14 00:49:10.333333015+00:00,68.0,71.0,stop_loss,-1,83.71926,-3.0,-300.0,0.2025497555732727,-0.4483010768890381,-0.3852637708187103,0.9855464696884155,2,7,2
0042500205,114,sub,10.0,2026-05-14 01:46:43.333333254+00:00,64.0,67.0,stop_loss,-1,77.716699,-3.0,-300.0,0.16285617649555206,-0.19791916012763977,-0.16471567153930664,0.9710940718650818,3,5,2
0042500205,123,foul,0.0,2026-05-14 01:55:13.166666985+00:00,65.0,60.0,take_profit,-1,12.883344,5.0,500.0,0.17644795775413513,-0.3551049530506134,-0.3037061974406242,0.9762619733810425,3,4,2
0042500205,145,sub,6.0,2026-05-14 02:15:30+00:00,39.0,35.0,stop_loss,1,7.050121,-4.0,-400.0,0.09860128164291382,0.1719457060098648,0.16269707083702087,0.9815177321434021,4,-1,2
0042500205,152,sub,3.0,2026-05-14 02:22:06+00:00,43.0,38.0,take_profit,-1,0.050221,5.0,500.0,0.2365030199289322,-0.15561184287071228,-0.13076271191239358,0.943170428276062,4,-2,3
0042500205,154,foul,0.0,2026-05-14 02:23:33+00:00,51.0,54.0,stop_loss,-1,20.050282,-3.0,-300.0,0.22428081929683685,-0.15822866559028625,-0.13153338581323623,0.9759592413902283,4,0,3
0042500205,177,sub,0.0,2026-05-14 02:44:44.400000095+00:00,53.0,46.0,take_profit,-1,62.650092,7.0,700.0,0.23847846686840057,-0.2521708607673645,-0.21515517234802245,0.9794518947601318,4,0,3
0042500207,32,sub,0.0,2026-05-18 00:33:00.250000+00:00,57.0,54.0,momentum_flip,-1,101.832789,3.0,300.0,0.12959100306034088,-0.14683976769447327,-0.12117088809609414,0.9973691701889038,1,-3,2
0042500213,127,foul,2.0,2026-05-09 01:03:31.750000238+00:00,37.0,31.0,take_profit,-1,21.311909,6.0,600.0,0.13465279340744019,-0.1702154129743576,-0.14416049122810365,0.9937230944633484,3,-4,2
0042500222,107,foul,23.0,2026-05-08 03:06:29.750000+00:00,69.0,66.0,stop_loss,1,112.267157,-3.0,-300.0,0.061444781720638275,0.22818756103515625,0.2164566174149513,0.9843674302101135,3,-5,2
0042500223,97,foul,0.0,2026-05-10 01:56:09.375000+00:00,30.0,25.0,take_profit,-1,62.718428,5.0,500.0,0.030252249911427498,-0.21528804302215576,-0.17742988765239714,0.9990629553794861,2,2,3
0042500224,146,foul,0.0,2026-05-12 04:45:31.500000+00:00,34.0,28.0,take_profit,-1,31.605574,6.0,600.0,0.002689170418307185,-1.8967441320419312,-1.6543252110481261,0.999947190284729,3,4,2
0042500224,150,foul,0.0,2026-05-12 04:49:42.888889074+00:00,31.0,26.0,take_profit,-1,7.216594,5.0,500.0,0.0011770754354074597,-2.579542875289917,-2.296689212322235,0.9999619722366333,4,3,3
0042500224,150,foul,9.0,2026-05-12 04:50:12.388888836+00:00,31.0,35.0,stop_loss,-1,41.717467,-4.0,-400.0,0.0015918351709842682,-2.328935146331787,-2.061328077316284,0.999951958656311,4,3,3
0042500231,167,sub,0.0,2026-05-05 03:53:16.194443941+00:00,36.0,31.0,take_profit,-1,0.849399,5.0,500.0,0.06731323897838593,-0.18081343173980713,-0.15001059025526048,0.999860405921936,4,-2,3
0042500233,84,foul,0.0,2026-05-09 02:49:00.666666985+00:00,32.0,27.0,take_profit,-1,0.35893,5.0,500.0,0.11786186695098877,-0.15239377319812775,-0.125967089086771,0.9908610582351685,2,-2,2
0042500234,70,sub,0.0,2026-05-11 00:30:31+00:00,67.0,71.0,stop_loss,-1,86.208261,-4.0,-400.0,0.33660367131233215,-0.31711670756340027,-0.26967062056064606,0.9837065935134888,2,4,2
0042500234,142,foul,0.0,2026-05-11 01:28:24.500000+00:00,45.0,36.0,take_profit,-1,4.708609,9.0,900.0,0.2512494921684265,-0.17425081133842468,-0.1464945539832115,0.9754000306129456,3,-6,3
