player_id,player_name,star_tier,team_tricode,team_id
1629632,White,2,CHI,5.0
1641763,Phillips,5,MIN,18.0
1630700,Daniels,5,ATL,1.0
1629008,Porter Jr.,2,BKN,3.0
1641710,Black,5,ORL,22.0
1629631,Hunter,5,CLE,6.0
1631131,Tshiebwe,5,UTA,29.0
1641765,Prosper,5,MEM,15.0
1641722,Hawkins,5,NOP,19.0
1629023,Washington,5,DAL,7.0
1631124,Strawther,5,DEN,8.0
1626157,Towns,2,NYK,20.0
1642885,Diawara,5,NYK,20.0
1631096,Holmgren,2,OKC,21.0
1631108,Christie,5,DAL,7.0
1628379,Kennard,5,ATL,1.0
1642264,Castle,5,SAS,27.0
1641787,Evbuomwan,5,BKN,3.0
201144,Conley,4,MIN,18.0
1628969,Bridges,3,NYK,20.0
1641854,Porter Jr.,4,CLE,6.0
1630598,Wiggins,4,OKC,21.0
1629655,Gafford,4,DAL,7.0
1630183,McDaniels,3,MIN,18.0
1642276,Ware,5,MIA,16.0
1642268,Collier,5,UTA,29.0
203507,G. Antetokounmpo,1,MIL,17.0
1630224,Green,2,PHX,24.0
1630553,K. Johnson,5,BKN,3.0
1627749,Murray,4,NOP,19.0
1631105,Duren,2,DET,9.0
1630560,Thomas,5,MIL,17.0
1627739,Dunn,5,LAC,13.0
1628378,Mitchell,2,CLE,6.0
1642272,McCain,5,PHI,23.0
1629659,Horton-Tucker,5,CHI,5.0
1629626,Bol,5,PHX,24.0
1630322,Waters III,5,SAS,27.0
1641780,Broome,5,PHI,23.0
1631095,Smith Jr.,4,HOU,11.0
1642348,Edwards,5,PHI,23.0
1630208,Richards,5,PHX,24.0
1629026,K. Williams,5,OKC,21.0
1629014,Simons,2,BOS,2.0
202709,Joseph,5,ORL,22.0
1628963,Bagley III,5,WAS,30.0
1642262,Williams,5,UTA,29.0
1629001,Melton,5,GSW,10.0
1630703,Henderson,5,POR,25.0
1641779,Bridges,5,PHX,24.0
1630679,Thompson,4,IND,12.0
1631221,Gillespie,5,PHX,24.0
1630537,Duarte,5,CHI,5.0
1631243,Gueye,5,ATL,1.0
1641750,Kalkbrenner,5,CHA,4.0
1631255,Matkovic,5,NOP,19.0
1629048,Bitadze,5,ORL,22.0
202704,Jackson,5,PHI,23.0
1642848,Johnson,4,WAS,30.0
1628371,Isaac,5,ORL,22.0
202684,Thompson,4,CLE,6.0
203939,Powell,5,DAL,7.0
1629634,Clarke,5,MEM,15.0
1642364,Watkins,5,WAS,30.0
1643024,Manon,5,LAL,14.0
1641748,Jackson Jr.,5,MIL,17.0
201959,Gibson,5,CHA,4.0
1642355,B. James,5,LAL,14.0
203458,Len,5,LAL,14.0
1628365,Fultz,5,SAC,26.0
1631098,Davis,5,WAS,30.0
1641720,Hood-Schifino,5,LAL,14.0
1629022,Walker IV,5,PHI,23.0
1631127,Ingram,5,SAS,27.0
1642439,Olivari,5,LAL,14.0
1641857,Robbins,5,MIL,17.0
1631205,Boeheim,5,OKC,21.0
1630222,Jones,5,SAC,26.0
1642024,Reese,5,OKC,21.0
1642910,Tonje,5,BOS,2.0
1642368,Dante,5,ATL,1.0
201142,Durant,1,HOU,11.0
1629675,Reid,4,MIN,18.0
1631097,Mathurin,5,IND,12.0
1628973,Brunson,2,NYK,20.0
1630175,Anthony,5,MIL,17.0
1642270,Clingan,5,POR,25.0
203952,Wiggins,4,MIA,16.0
1642277,Furphy,5,IND,12.0
1629028,Ayton,5,LAL,14.0
1642907,Coward,5,MEM,15.0
1629630,Morant,2,MEM,15.0
1630217,Bane,2,ORL,22.0
1628449,Boucher,5,BOS,2.0
1630169,Haliburton,2,IND,12.0
1628384,Anunoby,3,NYK,20.0
1631106,Eason,5,HOU,11.0
1629651,Claxton,4,BKN,3.0
203081,Lillard,2,MIL,17.0
201143,Horford,5,GSW,10.0
1641744,Edey,5,MEM,15.0
1627824,Yabusele,5,CHI,5.0
1642354,Simpson,5,CHA,4.0
203903,Clarkson,5,NYK,20.0
1629636,Garland,3,CLE,6.0
1629674,Queta,5,BOS,2.0
1631288,Cain,5,ORL,22.0
1628997,Martin,5,DAL,7.0
1631342,Plowden,5,SAC,26.0
1641752,Klintman,5,DET,9.0
1642349,Mitchell,5,OKC,21.0
1627736,Beasley,5,DET,9.0
1629622,Strus,5,CLE,6.0
203500,Adams,5,HOU,11.0
1631157,Rollins,5,MIL,17.0
1641726,Lively II,5,DAL,7.0
1641757,Miller,4,LAC,13.0
1642843,Flagg,2,DAL,7.0
1642443,Young,5,MIA,16.0
1642353,Christie,5,LAC,13.0
203994,Nurkic,4,UTA,29.0
1630702,Hardy,5,DAL,7.0
1631128,Braun,5,DEN,8.0
1642852,Queen,5,NOP,19.0
1641707,Hendricks,5,UTA,29.0
1627936,Caruso,3,OKC,21.0
203967,Saric,5,SAC,26.0
1642265,Dillingham,5,MIN,18.0
200768,Lowry,4,PHI,23.0
201145,Green,3,HOU,11.0
1630528,Christopher,5,MIA,16.0
202331,George,2,PHI,23.0
1628467,Kleber,5,LAL,14.0
1630590,Pippen Jr.,5,MEM,15.0
1629011,Robinson,5,NYK,20.0
1642856,Demin,5,BKN,3.0
1641998,Jemison III,5,NYK,20.0
1630570,Watford,5,PHI,23.0
1631216,Houstan,5,ATL,1.0
1630550,Thor,5,CLE,6.0
1642905,Yang,5,POR,25.0
1642866,Beringer,5,MIN,18.0
1641732,Jones,5,DET,9.0
1631197,Rhoden,5,CHA,4.0
1628995,Knox II,5,GSW,10.0
203109,Crowder,5,SAC,26.0
1630587,Livers,5,PHX,24.0
1631116,Baldwin Jr.,5,SAC,26.0
1628408,Dozier,5,MIN,18.0
202693,Morris,5,LAL,14.0
1630618,Carton,5,TOR,28.0
1641879,Collins,5,GSW,10.0
1642935,Hepburn,5,TOR,28.0
1641730,Clowney,5,BKN,3.0
1630548,Juzang,5,MIN,18.0
1643007,Peter,5,IND,12.0
1629656,Grimes,5,PHI,23.0
1641731,Coulibaly,5,WAS,30.0
203497,Gobert,2,MIN,18.0
203501,Hardaway Jr.,5,DEN,8.0
1630527,Boston,5,NOP,19.0
1629312,Highsmith,5,MIA,16.0
1631109,Williams,5,PHX,24.0
1626166,Payne,5,PHI,23.0
1630631,Alvarado,5,NOP,19.0
1630695,Potter,5,IND,12.0
204456,McConnell,5,IND,12.0
1631200,Murray,4,POR,25.0
1626167,Turner,4,MIL,17.0
1628404,Hart,4,NYK,20.0
1630200,Jones,5,CHI,5.0
203954,Embiid,1,PHI,23.0
203897,LaVine,2,SAC,26.0
203471,Schroder,4,SAC,26.0
1641708,Thompson,4,HOU,11.0
1630568,Garza,5,BOS,2.0
1629673,Poole,5,NOP,19.0
1642959,Youngblood,5,OKC,21.0
1630536,Cooper,5,WAS,30.0
1642876,Thiero,5,LAL,14.0
1642271,Filipowski,5,UTA,29.0
1627763,Brogdon,4,WAS,30.0
1642845,Edgecombe,5,PHI,23.0
1630198,Joe,5,OKC,21.0
1628983,Gilgeous-Alexander,1,OKC,21.0
1628398,Kuzma,4,MIL,17.0
202699,Harris,5,DET,9.0
1629021,Wagner,3,ORL,22.0
1630540,McBride,5,NYK,20.0
1627741,Hield,5,GSW,10.0
1627732,Simmons,5,BKN,3.0
1642844,Harper,5,SAS,27.0
1630643,Huff,5,IND,12.0
1630558,Mitchell,5,MIA,16.0
1630166,Avdija,2,POR,25.0
1627780,Payton II,5,GSW,10.0
1641738,Brown,5,LAC,13.0
1631222,LaRavia,5,LAL,14.0
1642281,Tyson,6,CLE,6.0
1642530,Kawamura,5,CHI,5.0
1629057,Williams III,5,POR,25.0
1630692,Goodwin,5,PHX,24.0
1642862,McNeeley,5,CHA,4.0
1630182,Green,5,CHA,4.0
1641737,Bona,5,PHI,23.0
1631250,Nance,5,MIL,17.0
1629599,Coffey,5,MIL,17.0
1642259,Sarr,5,WAS,30.0
203999,Jokic,1,DEN,8.0
203957,Exum,5,DAL,7.0
1628380,Collins,5,CHI,5.0
1642278,Kolek,5,NYK,20.0
1642939,Kelly,5,DAL,7.0
1642502,Leons,5,GSW,10.0
201587,Batum,5,LAC,13.0
1642402,Freeman,5,IND,12.0
1630811,Wallace,5,ATL,1.0
1626172,Looney,5,NOP,19.0
1628420,Morris,5,IND,12.0
1629614,Nembhard,5,IND,12.0
1630215,Butler,5,WAS,30.0
1630174,Nesmith,4,IND,12.0
1631133,Walker,5,PHI,23.0
1642875,Raynaud,5,SAC,26.0
1628464,Theis,5,NOP,19.0
1631169,Minott,5,BOS,2.0
1641747,Holmes II,5,DEN,8.0
1642859,Richardson,5,ORL,22.0
1641803,Newton,5,MIN,18.0
1642863,Maluach,5,PHX,24.0
1630264,Gill,5,WAS,30.0
1642880,Jones,5,IND,12.0
1641816,Tyson,6,DEN,8.0
1642352,Johnson,4,MIA,16.0
1631451,Cooke,5,POR,25.0
1641813,Sears,5,MIL,17.0
1642280,Flowers,5,CHI,5.0
1642282,Sallis,6,PHI,23.0
1642886,Brea,5,PHX,24.0
1631210,Toppin,5,ATL,1.0
1642884,Goldin,5,MIA,16.0
1629098,McVeigh,5,HOU,11.0
1642505,Ducas,5,OKC,21.0
1642938,C. Jones,5,DEN,8.0
1641739,Camara,5,POR,25.0
1628976,Carter Jr.,5,ORL,22.0
1630256,Tate,5,HOU,11.0
202685,Valanciunas,4,DEN,8.0
1642920,Sanders,5,LAC,13.0
1630581,Giddey,5,CHI,5.0
1630165,Hayes,5,SAC,26.0
1641712,Rupert,5,POR,25.0
1629645,Porter Jr.,4,MIL,17.0
1629627,Williamson,3,NOP,19.0
203084,Barnes,5,SAS,27.0
202696,Vucevic,4,CHI,5.0
1642868,Bryant,5,SAS,27.0
201939,St. Curry,1,GSW,10.0
1630573,Hauser,5,BOS,2.0
1643133,Lovering,5,MEM,15.0
1630245,Dosunmu,5,MIN,18.0
1641706,Miller,4,CHA,4.0
1642267,Carrington,5,WAS,30.0
1629006,Okogie,5,HOU,11.0
1642879,Saraf,5,BKN,3.0
1641716,Walker,5,IND,12.0
1630178,Maxey,2,PHI,23.0
1629638,Alexander-Walker,5,ATL,1.0
1630595,Cunningham,2,DET,9.0
1630193,Quickley,3,TOR,28.0
1642275,Salaun,5,CHA,4.0
201942,DeRozan,3,SAC,26.0
1642261,Knecht,5,LAL,14.0
1628436,Kornet,5,SAS,27.0
1628960,Allen,4,PHX,24.0
1627747,LeVert,5,DET,9.0
1642266,Walter,5,TOR,28.0
201566,Westbrook,4,SAC,26.0
1628396,Bradley,5,IND,12.0
1628415,Brooks,5,PHX,24.0
1630557,Kispert,5,ATL,1.0
1641705,Wembanyama,2,SAS,27.0
1629684,Williams,5,CHA,4.0
1630699,Beauchamp,5,PHI,23.0
1630639,Lawson,5,TOR,28.0
1627832,VanVleet,5,HOU,11.0
1630579,Sims,5,MIL,17.0
1628991,Jackson Jr.,2,MEM,15.0
1629060,Hachimura,5,LAL,14.0
1628971,Brown,5,DEN,8.0
203991,Capela,4,HOU,11.0
1630529,Jones,3,NOP,19.0
203486,Plumlee,5,CHA,4.0
1631245,Jackson,5,IND,12.0
101108,Paul,4,LAC,13.0
1642860,Riley,5,WAS,30.0
1641727,Whitehead,5,BKN,3.0
1642874,Wolf,5,BKN,3.0
1631166,Timme,5,LAL,14.0
1629610,Jeffries,5,CHA,4.0
1626192,Connaughton,5,CHA,4.0
1630625,Banton,5,BOS,2.0
1641767,Sheppard,5,IND,12.0
1642357,Jones Garcia,5,SAS,27.0
1642450,Jenkins,5,DET,9.0
1630346,Ryan,5,NYK,20.0
1629646,Bassey,5,PHI,23.0
1631246,Williams Jr.,5,MEM,15.0
1641794,Jones,5,NYK,20.0
1642279,Chomche,5,TOR,28.0
204060,Ingles,5,MIN,18.0
1631209,Wong,5,CHA,4.0
1642359,Dadiet,5,NYK,20.0
1642955,Richmond,5,WAS,30.0
1641815,Stevens,5,SAC,26.0
1626158,Holmes,5,WAS,30.0
1629680,Thybulle,5,POR,25.0
1641789,Gortman,5,DAL,7.0
1629669,Nowell,5,NOP,19.0
1641778,Black,5,WAS,30.0
1631232,Brooks Jr.,5,NOP,19.0
1642434,Minix,5,SAS,27.0
203648,Antetokounmpo,1,MIL,17.0
1641798,Martin,5,BKN,3.0
1630530,Murphy III,4,NOP,19.0
1631204,Sasser,5,DET,9.0
203110,Green,5,GSW,10.0
1626220,O'Neale,5,PHX,24.0
203083,Drummond,5,PHI,23.0
1630170,Vassell,5,SAS,27.0
1629029,Doncic,1,LAL,14.0
1630162,Edwards,2,MIN,18.0
1629013,Shamet,5,NYK,20.0
201569,Gordon,5,PHI,23.0
1631223,Roddy,5,PHI,23.0
1630572,Mamukelashvili,5,TOR,28.0
1627734,Sabonis,2,SAC,26.0
1641715,Whitmore,5,WAS,30.0
1631248,Scheierman,5,BOS,2.0
203076,Davis,1,DAL,7.0
203914,Harris,5,MIL,17.0
1630559,Reaves,3,LAL,14.0
1630230,Marshall,5,DAL,7.0
1642964,Barnhizer,5,OKC,21.0
201572,Lopez,4,LAC,13.0
1630173,Achiuwa,5,SAC,26.0
1626171,Portis,4,MIL,17.0
1642363,Clifford,5,SAC,26.0
1641824,Buzelis,5,CHI,5.0
1629660,Jerome,5,MEM,15.0
203468,McCollum,5,WAS,30.0
1631165,Ellis,5,SAC,26.0
1631117,Kessler,5,UTA,29.0
1629012,Sexton,5,CHI,5.0
1642274,Missi,5,NOP,19.0
1641711,Dick,5,TOR,28.0
1630168,Okongwu,5,ATL,1.0
1642854,Newell,5,ATL,1.0
1642346,Dunn,5,PHX,24.0
1626179,Rozier,5,MIA,16.0
1630283,Kelley,5,DAL,7.0
1630543,I. Jackson,5,IND,12.0
1626164,Booker,2,PHX,24.0
1642366,Post,5,GSW,10.0
1631126,Love,5,POR,25.0
1631230,Barlow,5,PHI,23.0
1631123,Bouyea,5,PHX,24.0
203114,Middleton,4,DAL,7.0
1626162,Oubre Jr.,5,PHI,23.0
1629637,Hayes,5,LAL,14.0
1631093,Ivey,5,DET,9.0
1630591,Suggs,3,ORL,22.0
1630314,Williams,5,DAL,7.0
1630531,Springer,5,BOS,2.0
1630619,Cisse,5,DAL,7.0
1626153,Wright,5,NYK,20.0
1630228,Kuminga,5,ATL,1.0
1628964,Bamba,5,UTA,29.0
1642382,Carlson,5,OKC,21.0
1642269,Carter,5,SAC,26.0
1631099,Murray,4,SAC,26.0
203995,Micić,5,CHA,4.0
1641733,Smith Jr.,4,LAL,14.0
1630180,Bey,5,NOP,19.0
1629640,Johnson,4,SAS,27.0
1631214,Williams,5,WAS,30.0
1642914,Small,5,MEM,15.0
1642950,Olbrich,5,CHI,5.0
1642484,Dennis,5,LAC,13.0
1629750,Green,5,DET,9.0
1627827,Finney-Smith,5,HOU,11.0
1631110,Sochan,5,NYK,20.0
1629723,Konchar,5,UTA,29.0
1642864,Gonzalez,5,BOS,2.0
201599,Jordan,5,NOP,19.0
1631260,Green,5,MIL,17.0
1642928,Cardwell,5,SAC,26.0
1630574,Hukporti,5,NYK,20.0
1642066,Gardner,5,MIA,16.0
1630249,Krejci,5,ATL,1.0
1630311,Spencer,5,GSW,10.0
1641772,Tomlin,5,CLE,6.0
1629611,Mann,5,BKN,3.0
1641736,Beekman,5,BKN,3.0
1641790,Hall,5,CHA,4.0
1642882,Reese,5,WAS,30.0
1631159,Miller,4,CHI,5.0
1642873,Williams,5,BOS,2.0
1631466,Williams,5,GSW,10.0
1628502,Hayes-Davis,5,PHX,24.0
1643141,Telfort,5,LAC,13.0
1641725,Alexander,5,NOP,19.0
1631199,Harper Jr.,5,BOS,2.0
1630658,Castleton,5,MEM,15.0
1630561,Duke Jr.,5,SAS,27.0
1642400,Enaruna,5,CLE,6.0
1641721,Lewis,5,BKN,3.0
1643018,Cryer,5,GSW,10.0
1630164,Wiseman,5,IND,12.0
1629130,Robinson,5,DET,9.0
1627783,Siakam,2,IND,12.0
202692,Burks,5,MIA,16.0
1631103,Branham,5,WAS,30.0
1628386,Allen,4,CLE,6.0
1628970,Bridges,5,CHA,4.0
1642260,Topic,5,OKC,21.0
1630544,Mann,5,CHA,4.0
1641709,Thompson,4,DET,9.0
202710,Butler III,5,GSW,10.0
1630552,Johnson,2,ATL,1.0
1627750,Murray,3,DEN,8.0
1642273,George,5,WAS,30.0
1631111,Moore Jr.,5,DET,9.0
1627759,Brown,2,BOS,2.0
1628369,Tatum,1,BOS,2.0
203552,Curry,2,GSW,10.0
1628374,Markkanen,3,UTA,29.0
1629020,Vanderbilt,5,LAL,14.0
1641718,George,2,UTA,29.0
1628370,Monk,4,SAC,26.0
1642383,Clayton Jr.,5,UTA,29.0
1642345,Ighodaro,5,PHX,24.0
1630188,Smith,5,CHI,5.0
1630577,Champagnie,5,SAS,27.0
1629661,Johnson,4,DEN,8.0
1641753,Livingston,5,CLE,6.0
1630194,Reed,5,DET,9.0
1629216,Vincent,5,LAL,14.0
1631170,Jaquez Jr.,4,MIA,16.0
1642422,Traore,5,LAL,14.0
203944,Randle,3,MIN,18.0
1627752,Prince,5,MIL,17.0
1630231,Martin,5,PHI,23.0
1630611,Santos,5,GSW,10.0
203901,Payton,5,CHA,4.0
1630526,Robinson-Earl,5,DAL,7.0
1631323,Fontecchio,5,MIA,16.0
1642461,Jones,5,DEN,8.0
1642449,Smith,5,DET,9.0
1642347,Shead,5,TOR,28.0
1630539,Jones,5,LAC,13.0
203937,Anderson,5,UTA,29.0
1631132,Koloko,5,ATL,1.0
1627751,Poeltl,4,TOR,28.0
1626168,Lyles,5,SAC,26.0
1641989,Harkless,5,UTA,29.0
1642396,Hinson,5,UTA,29.0
1631247,Travers,5,CLE,6.0
1641871,Reath,5,POR,25.0
1642967,Poulakidas,5,DAL,7.0
1630644,McClung,5,CHI,5.0
1630623,Etienne,5,BKN,3.0
1628427,Čančar,5,DEN,8.0
1641761,Nelson,5,BKN,3.0
1641766,Sanogo,5,CHI,5.0
1641801,Miller,4,CHI,5.0
1630227,Nix,5,MIN,18.0
1642385,Yongxi,5,BKN,3.0
1631212,Watson,5,DEN,8.0
1630172,Williams,5,CHI,5.0
1629628,Barrett,5,TOR,28.0
1631217,Diabate,5,CHA,4.0
1631207,Terry,5,CHI,5.0
1628978,DiVincenzo,5,MIN,18.0
203482,Olynyk,5,SAS,27.0
1641775,Walsh,5,BOS,2.0
1629111,Landale,5,MEM,15.0
2544,James,1,LAL,14.0
1629652,Dort,4,OKC,21.0
1628381,Collins,5,LAC,13.0
1629639,Herro,3,MIA,16.0
1630202,Pritchard,5,BOS,2.0
1631321,Cissoko,5,POR,25.0
1628392,Hartenstein,4,OKC,21.0
1641729,Sensabaugh,5,UTA,29.0
1626181,Powell,2,MIA,16.0
1641842,Holland II,5,DET,9.0
1630541,Moody,5,GSW,10.0
1630163,Ball,5,CHA,4.0
1630578,Sengun,2,HOU,11.0
1628989,Huerter,5,CHI,5.0
1642358,Johnson,4,DAL,7.0
1642962,Powell,5,BKN,3.0
1627826,Zubac,5,LAC,13.0
203078,Beal,5,LAC,13.0
1630567,Barnes,2,TOR,28.0
203915,Dinwiddie,5,DAL,7.0
202695,Leonard,2,LAC,13.0
1642377,Wells,5,MEM,15.0
1641717,Wallace,5,OKC,21.0
1642404,Lanier,5,DET,9.0
1630556,Edwards,5,DAL,7.0
1642877,Peavy,5,NOP,19.0
1631101,Sharpe,5,POR,25.0
1629731,Wade,5,CLE,6.0
1641810,Reeves,5,CHA,4.0
1630538,Hyland,5,MIN,18.0
1641796,Larsson,5,MIA,16.0
1642954,Richard,5,GSW,10.0
1642933,Gilbert,5,WAS,30.0
1641809,Peterson,5,CHA,4.0
1630534,Agbaji,5,TOR,28.0
1631120,Davison,5,HOU,11.0
1629234,Eubanks,5,SAC,26.0
1641741,Council IV,5,PHI,23.0
1641740,Clark,5,MIN,18.0
1628998,Martin,5,IND,12.0
1631218,Jackson-Davis,5,GSW,10.0
1642367,Mogbo,5,TOR,28.0
1630549,Sharpe,5,BKN,3.0
1631104,Wesley,5,POR,25.0
1628418,Bryant,5,CLE,6.0
1641783,da Silva,5,ORL,22.0
1641713,Jackson,5,MEM,15.0
201949,Johnson,4,IND,12.0
1630192,Nnaji,5,DEN,8.0
201567,Love,5,UTA,29.0
1642949,Niederhauser,5,LAC,13.0
1641723,Bufkin,5,LAL,14.0
1628988,Holiday,5,HOU,11.0
1641724,Howard,5,ORL,22.0
1630214,Tillman,5,CHA,4.0
1630167,Toppin,5,IND,12.0
202687,Biyombo,5,SAS,27.0
1642878,Proctor,5,CLE,6.0
1631102,Washington Jr.,5,LAC,13.0
1631115,Robinson,5,ORL,22.0
1641745,Flagler,5,OKC,21.0
1629162,McLaughlin,5,SAS,27.0
1630604,Liddell,5,BKN,3.0
1629650,Brown,5,DAL,7.0
203992,Bogdanovic,5,LAC,13.0
1628470,Craig,5,BOS,2.0
1626196,Richardson,5,MIA,16.0
1642918,Martin,5,TOR,28.0
1641734,Bates,5,CLE,6.0
1631386,Moore,5,POR,25.0
1630621,Dickinson,5,NOP,19.0
201935,Harden,3,LAC,13.0
1629027,Young,2,WAS,30.0
1627777,Niang,5,CLE,6.0
1629004,Mykhailiuk,5,UTA,29.0
1628368,Fox,2,SAS,27.0
203484,Caldwell-Pope,4,MEM,15.0
1631094,Banchero,2,ORL,22.0
203924,Grant,4,POR,25.0
1628389,Adebayo,2,MIA,16.0
1630171,Okoro,5,CHI,5.0
1642847,Fears,5,NOP,19.0
1627884,Jones Jr.,5,LAC,13.0
1627742,Ingram,2,TOR,28.0
204001,Porzingis,5,GSW,10.0
1642948,Nembhard,5,DAL,7.0
1642258,Risacher,5,ATL,1.0
1630551,Champagnie,5,WAS,30.0
202681,Irving,2,DAL,7.0
1626156,Russell,5,DAL,7.0
1629018,Trent Jr.,5,MIL,17.0
1630532,F. Wagner,2,ORL,22.0
1641774,Vukcevic,5,WAS,30.0
1630596,Mobley,3,CLE,6.0
1628975,Carter,5,ORL,22.0
1629618,Pickett,5,DEN,8.0
1631114,Jal. Williams,5,OKC,21.0
1641764,Podziemski,4,GSW,10.0
201950,Holiday,5,POR,25.0
1631311,Quinones,5,PHI,23.0
202691,Thompson,4,DAL,7.0
1630243,Queen,5,ORL,22.0
1628401,White,3,BOS,2.0
1630696,Smith,5,MIA,16.0
1630592,Wilson,5,BKN,3.0
1631107,Jovic,5,MIA,16.0
203935,Smart,5,LAL,14.0
1642851,Knueppel,5,CHA,4.0
1642419,Battle,5,TOR,28.0
1642846,Bailey,5,UTA,29.0
1641890,Smith,5,MIL,17.0
1631213,Martin,5,BKN,3.0
203932,Gordon,3,DEN,8.0
1642867,Murray-Boyles,5,TOR,28.0
203926,McDermott,5,SAC,26.0
1631172,Dieng,5,OKC,21.0
1642883,James,5,CHA,4.0
1642869,Penda,5,ORL,22.0
1642263,Sheppard,5,HOU,11.0
1642849,Traore,5,BKN,3.0
1630241,Merrill,5,CLE,6.0
1626145,Jones,5,ORL,22.0
1629726,Mathews,5,IND,12.0
1642285,Spencer,5,MEM,15.0
1642857,Jakucionis,5,MIA,16.0
1630583,Aldama,5,MEM,15.0
1630533,Williams,5,BKN,3.0
1630545,Shannon Jr.,5,MIN,18.0
1628981,Fernando,5,TOR,28.0
1630191,Stewart,5,DET,9.0
1642403,Jones,5,DET,9.0
1629003,Milton,5,BKN,3.0
1631119,Jay. Williams,5,OKC,21.0
1629629,Reddish,5,LAL,14.0
1642853,Fleming,5,PHX,24.0
1628366,Ball,5,CLE,6.0
1631121,McGowens,5,NOP,19.0
1630288,Dowtin Jr.,5,PHI,23.0
1642050,Rowe,5,GSW,10.0
1626204,Nance Jr.,5,CLE,6.0
1627814,Lee,5,PHX,24.0
201988,Mills,5,LAC,13.0
1641878,Baugh,5,CHA,4.0
202066,Temple,5,TOR,28.0
1642942,Mashack,5,MEM,15.0
1641755,McCullar Jr.,5,NYK,20.0
1642384,Crawford,5,HOU,11.0
1630649,Umude,5,SAS,27.0
1641807,Omier,5,LAC,13.0
1627746,Labissiere,5,WAS,30.0
677,Williams,5,,
200755,Redick,5,,
1631211,Keels,5,,
1642855,Essengue,5,,
1642468,Brown,5,,
1642911,Zikarsky,5,,
1629643,Okeke,5,,
1631306,Swider,5,,
1629667,McDaniels,5,,
1631303,Minaya,5,,
1642917,Shulga,5,,
149,Adams,5,,
1626143,Okafor,5,,
762,Bradley,5,,
57,Christie,5,,
683,K. Johnson,5,,
2794,Bickerstaff,5,,
1642389,Pullin,5,,
698,Johnson,4,,
1497,Billups,5,,
201168,Splitter,5,,
73,Williams,5,,
